{
  "params": {
    "sigma": 0.367087693908539
  },
  "loglike": -4905.504019583001,
  "success": true,
  "n_trials": 14869,
  "n_pulses": 35327,
  "xbar": [
    -1.25,
    -1.0,
    -0.75,
    -0.5,
    -0.25,
    0.0,
    0.25,
    0.5,
    0.75,
    1.0,
    1.25
  ],
  "evidence_func": [
    0.0030299597562719978,
    0.01041802561395161,
    0.033895369716569264,
    0.10167969341119996,
    0.2564524076990259,
    0.5,
    0.7435475923009739,
    0.8983203065887999,
    0.9661046302834309,
    0.9895819743860486,
    0.9969700402437282
  ],
  "sample_func": [
    0.713302567455622,
    0.713302567455622,
    0.8005441770335207,
    0.8005441770335208,
    0.8540674318109813
  ],
  "reverse_func": [
    [
      [
        -0.003780146685290255,
        0.08933530278512233,
        0.08569440351167144,
        0.11700552802485091,
        0.09973449964667438
      ],
      [
        0.5208301936234192,
        0.4727306351776733,
        0.4554188844514878,
        0.44346400460459723,
        0.4349598333370094
      ]
    ],
    [
      [
        0.09973449964667438,
        0.11700552802485091,
        0.08569440351167144,
        0.08933530278512233,
        -0.003780146685290255
      ],
      [
        0.4349598333370094,
        0.44346400460459723,
        0.4554188844514878,
        0.4727306351776733,
        0.5208301936234192
      ]
    ]
  ],
  "reverse_points": [
    -0.19473956454453478,
    0.619471866217234,
    0.0956499874625137,
    0.0956499874625137,
    0.5027557028434011,
    0.5027557028434011,
    0.04459855258812337,
    0.04459855258812337,
    0.04459855258812337,
    0.47110966425053163,
    0.47110966425053163,
    0.47110966425053163,
    0.1299587993084833,
    0.1299587993084833,
    0.1299587993084833,
    0.1299587993084833,
    0.44984213305528814,
    0.44984213305528814,
    0.44984213305528814,
    0.44984213305528814,
    0.09973449964667438,
    0.09973449964667438,
    0.09973449964667438,
    0.09973449964667438,
    0.09973449964667438,
    0.4349598333370094,
    0.4349598333370094,
    0.4349598333370094,
    0.4349598333370094,
    0.4349598333370094
  ],
  "bootstraps": []
}