{
  "params": {
    "sigma": 0.42974043687372193,
    "theta": 0.5077639239357248
  },
  "loglike": -5603.0154313406765,
  "success": true,
  "n_trials": 14869,
  "n_pulses": 35327,
  "xbar": [
    -1.25,
    -1.0,
    -0.75,
    -0.5,
    -0.25,
    0.0,
    0.25,
    0.5,
    0.75,
    1.0,
    1.25
  ],
  "evidence_func": [
    0.009469860004332947,
    0.029465613224478302,
    0.07576054946518047,
    0.1657663623494044,
    0.3115147699283209,
    0.5,
    0.6884852300716788,
    0.8342336376505955,
    0.9242394505348196,
    0.9705343867755215,
    0.990530139995667
  ],
  "sample_func": [
    0.6626975534099251,
    0.7374479568314526,
    0.7717915759859632,
    0.7875705433579356,
    0.7948200941465593
  ],
  "reverse_func": [
    [
      [
        -0.07014287947670549,
        0.14747306389879425,
        0.2661005524458001,
        0.32691190090952177,
        0.35683792803989056
      ],
      [
        0.5516549721861244,
        0.45908297057424974,
        0.419463534221026,
        0.40170938826271285,
        0.3935778288611228
      ]
    ],
    [
      [
        -0.13359774526150342,
        -0.008657936716199369,
        0.06872131388397164,
        0.1222072947844133,
        0.16307069808387467
      ],
      [
        0.5201820076132969,
        0.4912983587793498,
        0.4767892609568163,
        0.47307401370849395,
        0.4829968178262436
      ]
    ]
  ],
  "reverse_points": [
    -0.012610744763789122,
    0.5889461527712698,
    -0.06610347418521603,
    0.15073587766748514,
    0.5470150645079694,
    0.469814206683526,
    -0.10242926654255319,
    0.14704274622051827,
    0.2616611483143412,
    0.5304732180279659,
    0.45670768774792736,
    0.4228165625805872,
    -0.1230568464806116,
    0.14494560368898918,
    0.2680777027787678,
    0.32464999835539543,
    0.523356849719294,
    0.4510692110456406,
    0.41785709420679223,
    0.4025979887060985,
    -0.13359774526150342,
    0.14387394296968362,
    0.2713566260133257,
    0.3299277709816903,
    0.35683792803989056,
    0.5201820076132969,
    0.4485537041927576,
    0.41564451493411775,
    0.4005245876715321,
    0.3935778288611228
  ],
  "bootstraps": []
}