{
  "params": {
    "sigma": 0.47028189007677274
  },
  "loglike": -4839.351867312923,
  "success": true,
  "n_trials": 14869,
  "n_pulses": 35327,
  "xbar": [
    -1.25,
    -1.0,
    -0.75,
    -0.5,
    -0.25,
    0.0,
    0.25,
    0.5,
    0.75,
    1.0,
    1.25
  ],
  "evidence_func": [
    0.0013097298363135184,
    0.005832640267748518,
    0.021762764264149574,
    0.0727224051133254,
    0.2180820415528147,
    0.5,
    0.7819179584471853,
    0.9272775948866745,
    0.9782372357358503,
    0.9941673597322516,
    0.9986902701636864
  ],
  "sample_func": [
    0.6975958779986997,
    0.7678709558758949,
    0.8149626971419492,
    0.8496648249903211,
    0.8763968557339248
  ],
  "reverse_func": [
    [
      [
        -0.03846894641831766,
        0.007446907789161298,
        0.030116440098731462,
        0.04420626377549708,
        0.053874666672205876
      ],
      [
        0.5198713286906002,
        0.47549325708147216,
        0.45422830202484354,
        0.4414112361448671,
        0.4328866070096521
      ]
    ],
    [
      [
        0.053874666672205876,
        0.04420626377549708,
        0.030116440098731462,
        0.007446907789161298,
        -0.03846894641831766
      ],
      [
        0.4328866070096521,
        0.4414112361448671,
        0.45422830202484354,
        0.47549325708147216,
        0.5198713286906002
      ]
    ]
  ],
  "reverse_points": [
    -0.1326323193047491,
    0.6108810458577575,
    -0.03187056231024946,
    -0.03187056231024946,
    0.5123746635078122,
    0.5123746635078122,
    0.011623546522976593,
    0.011623546522976593,
    0.011623546522976593,
    0.4710507009923126,
    0.4710507009923126,
    0.4710507009923126,
    0.03695496160296548,
    0.03695496160296548,
    0.03695496160296548,
    0.03695496160296548,
    0.44780470799627836,
    0.44780470799627836,
    0.44780470799627836,
    0.44780470799627836,
    0.053874666672205876,
    0.053874666672205876,
    0.053874666672205876,
    0.053874666672205876,
    0.053874666672205876,
    0.4328866070096521,
    0.4328866070096521,
    0.4328866070096521,
    0.4328866070096521,
    0.4328866070096521
  ],
  "bootstraps": []
}